date,meantempm,maxtempm,mintempm,meantempm_1,meantempm_2,meantempm_3,meandewptm_1,meandewptm_2,meandewptm_3,meanpressurem_1,meanpressurem_2,meanpressurem_3,maxhumidity_1,maxhumidity_2,maxhumidity_3,minhumidity_1,minhumidity_2,minhumidity_3,maxtempm_1,maxtempm_2,maxtempm_3,mintempm_1,mintempm_2,mintempm_3,maxdewptm_1,maxdewptm_2,maxdewptm_3,mindewptm_1,mindewptm_2,mindewptm_3,maxpressurem_1,maxpressurem_2,maxpressurem_3,minpressurem_1,minpressurem_2,minpressurem_3,precipm_1,precipm_2,precipm_3
2017-08-05,28,33,23,28.0,26.0,27.0,23.0,23.0,24.0,1000.49,1001.6,1004.0,94.0,100.0,100.0,49.0,56.0,62.0,32.0,31.0,31.0,23.0,22.0,23.0,24.0,25.0,25.0,21.0,22.0,23.0,1003.0,1004.0,1006.0,998.0,998.0,1000.0,0.0,0.0,0.0
2017-08-06,29,33,25,28.0,28.0,26.0,22.0,23.0,23.0,1001.91,1000.49,1001.6,89.0,94.0,100.0,44.0,49.0,56.0,33.0,32.0,31.0,23.0,23.0,22.0,24.0,24.0,25.0,21.0,21.0,22.0,1004.0,1003.0,1004.0,998.0,998.0,998.0,0.0,0.0,0.0
2017-08-07,29,32,26,29.0,28.0,28.0,23.0,22.0,23.0,1003.15,1001.91,1000.49,79.0,89.0,94.0,46.0,44.0,49.0,33.0,33.0,32.0,25.0,23.0,23.0,25.0,24.0,24.0,22.0,21.0,21.0,1006.0,1004.0,1003.0,1000.0,998.0,998.0,0.0,0.0,0.0
2017-08-08,28,31,24,29.0,29.0,28.0,24.0,23.0,22.0,1004.13,1003.15,1001.91,100.0,79.0,89.0,52.0,46.0,44.0,32.0,33.0,33.0,26.0,25.0,23.0,27.0,25.0,24.0,22.0,22.0,21.0,1006.0,1006.0,1004.0,1000.0,1000.0,998.0,3.0,0.0,0.0
2017-08-09,28,31,24,28.0,29.0,29.0,26.0,24.0,23.0,1004.26,1004.13,1003.15,100.0,100.0,79.0,70.0,52.0,46.0,31.0,32.0,33.0,24.0,26.0,25.0,27.0,27.0,25.0,25.0,22.0,22.0,1006.0,1006.0,1006.0,1000.0,1000.0,1000.0,1.0,3.0,0.0
2017-08-10,28,32,24,28.0,28.0,29.0,25.0,26.0,24.0,1003.51,1004.26,1004.13,100.0,100.0,100.0,71.0,70.0,52.0,31.0,31.0,32.0,24.0,24.0,26.0,26.0,27.0,27.0,24.0,25.0,22.0,1006.0,1006.0,1006.0,1001.0,1000.0,1000.0,4.0,1.0,3.0
2017-08-11,28,33,23,28.0,28.0,28.0,25.0,25.0,26.0,1002.93,1003.51,1004.26,100.0,100.0,100.0,61.0,71.0,70.0,32.0,31.0,31.0,24.0,24.0,24.0,26.0,26.0,27.0,23.0,24.0,25.0,1005.0,1006.0,1006.0,1000.0,1001.0,1000.0,0.0,4.0,1.0
2017-08-12,28,32,24,28.0,28.0,28.0,24.0,25.0,25.0,1002.76,1002.93,1003.51,100.0,100.0,100.0,53.0,61.0,71.0,33.0,32.0,31.0,23.0,24.0,24.0,26.0,26.0,26.0,22.0,23.0,24.0,1004.0,1005.0,1006.0,999.0,1000.0,1001.0,0.0,0.0,4.0
2017-08-13,28,33,24,28.0,28.0,28.0,23.0,24.0,25.0,1002.75,1002.76,1002.93,89.0,100.0,100.0,53.0,53.0,61.0,32.0,33.0,32.0,24.0,23.0,24.0,24.0,26.0,26.0,22.0,22.0,23.0,1005.0,1004.0,1005.0,999.0,999.0,1000.0,0.0,0.0,0.0
2017-08-14,28,32,23,28.0,28.0,28.0,23.0,23.0,24.0,1004.42,1002.75,1002.76,89.0,89.0,100.0,51.0,53.0,53.0,33.0,32.0,33.0,24.0,24.0,23.0,24.0,24.0,26.0,22.0,22.0,22.0,1007.0,1005.0,1004.0,1001.0,999.0,999.0,0.0,0.0,0.0
2017-08-15,29,34,24,28.0,28.0,28.0,23.0,23.0,23.0,1007.07,1004.42,1002.75,100.0,89.0,89.0,52.0,51.0,53.0,32.0,33.0,32.0,23.0,24.0,24.0,25.0,24.0,24.0,21.0,22.0,22.0,1009.0,1007.0,1005.0,1000.0,1001.0,999.0,0.0,0.0,0.0
2017-08-16,30,36,24,29.0,28.0,28.0,23.0,23.0,23.0,1005.86,1007.07,1004.42,83.0,100.0,89.0,46.0,52.0,51.0,34.0,32.0,33.0,24.0,23.0,24.0,24.0,25.0,24.0,21.0,21.0,22.0,1008.0,1009.0,1007.0,1002.0,1000.0,1001.0,0.0,0.0,0.0
2017-08-17,30,36,24,30.0,29.0,28.0,23.0,23.0,23.0,1004.24,1005.86,1007.07,79.0,83.0,100.0,43.0,46.0,52.0,36.0,34.0,32.0,24.0,24.0,23.0,24.0,24.0,25.0,22.0,21.0,21.0,1007.0,1008.0,1009.0,1000.0,1002.0,1000.0,0.0,0.0,0.0
2017-08-18,30,36,24,30.0,30.0,29.0,22.0,23.0,23.0,1002.89,1004.24,1005.86,78.0,79.0,83.0,37.0,43.0,46.0,36.0,36.0,34.0,24.0,24.0,24.0,24.0,24.0,24.0,21.0,22.0,21.0,1005.0,1007.0,1008.0,999.0,1000.0,1002.0,0.0,0.0,0.0
2017-08-19,30,34,26,30.0,30.0,30.0,22.0,22.0,23.0,1002.94,1002.89,1004.24,74.0,78.0,79.0,40.0,37.0,43.0,36.0,36.0,36.0,24.0,24.0,24.0,24.0,24.0,24.0,20.0,21.0,22.0,1005.0,1005.0,1007.0,999.0,999.0,1000.0,1.0,0.0,0.0
2017-08-20,30,35,25,30.0,30.0,30.0,24.0,22.0,22.0,1003.96,1002.94,1002.89,79.0,74.0,78.0,49.0,40.0,37.0,34.0,36.0,36.0,26.0,24.0,24.0,25.0,24.0,24.0,22.0,20.0,21.0,1006.0,1005.0,1005.0,1001.0,999.0,999.0,0.0,1.0,0.0
2017-08-21,30,36,25,30.0,30.0,30.0,25.0,24.0,22.0,1003.76,1003.96,1002.94,94.0,79.0,74.0,41.0,49.0,40.0,35.0,34.0,36.0,25.0,26.0,24.0,26.0,25.0,24.0,22.0,22.0,20.0,1006.0,1006.0,1005.0,999.0,1001.0,999.0,0.0,0.0,1.0
2017-08-22,30,35,25,30.0,30.0,30.0,24.0,25.0,24.0,1002.29,1003.76,1003.96,84.0,94.0,79.0,37.0,41.0,49.0,36.0,35.0,34.0,25.0,25.0,26.0,25.0,26.0,25.0,22.0,22.0,22.0,1005.0,1006.0,1006.0,998.0,999.0,1001.0,0.0,0.0,0.0
2017-08-23,29,34,24,30.0,30.0,30.0,24.0,24.0,25.0,1002.72,1002.29,1003.76,84.0,84.0,94.0,43.0,37.0,41.0,35.0,36.0,35.0,25.0,25.0,25.0,25.0,25.0,26.0,23.0,22.0,22.0,1005.0,1005.0,1006.0,999.0,998.0,999.0,0.0,0.0,0.0
2017-08-24,28,34,22,29.0,30.0,30.0,24.0,24.0,24.0,1005.06,1002.72,1002.29,100.0,84.0,84.0,53.0,43.0,37.0,34.0,35.0,36.0,24.0,25.0,25.0,26.0,25.0,25.0,23.0,23.0,22.0,1007.0,1005.0,1005.0,1002.0,999.0,998.0,49.0,0.0,0.0
2017-08-25,26,29,23,28.0,29.0,30.0,25.0,24.0,24.0,1004.38,1005.06,1002.72,100.0,100.0,84.0,60.0,53.0,43.0,34.0,34.0,35.0,22.0,24.0,25.0,26.0,26.0,25.0,23.0,23.0,23.0,1007.0,1007.0,1005.0,1000.0,1002.0,999.0,0.0,49.0,0.0
2017-08-26,28,32,23,26.0,28.0,29.0,24.0,25.0,24.0,1003.22,1004.38,1005.06,100.0,100.0,100.0,73.0,60.0,53.0,29.0,34.0,34.0,23.0,22.0,24.0,26.0,26.0,26.0,21.0,23.0,23.0,1006.0,1007.0,1007.0,999.0,1000.0,1002.0,23.0,0.0,49.0
2017-08-27,30,33,26,28.0,26.0,28.0,24.0,24.0,25.0,1001.82,1003.22,1004.38,100.0,100.0,100.0,57.0,73.0,60.0,32.0,29.0,34.0,23.0,23.0,22.0,25.0,26.0,26.0,23.0,21.0,23.0,1004.0,1006.0,1007.0,999.0,999.0,1000.0,0.0,23.0,0.0
2017-08-28,28,33,24,30.0,28.0,26.0,25.0,24.0,24.0,1001.64,1001.82,1003.22,100.0,100.0,100.0,49.0,57.0,73.0,33.0,32.0,29.0,26.0,23.0,23.0,26.0,25.0,26.0,23.0,23.0,21.0,1003.0,1004.0,1006.0,997.0,999.0,999.0,0.0,0.0,23.0
2017-08-29,28,31,24,28.0,30.0,28.0,25.0,25.0,24.0,1001.98,1001.64,1001.82,100.0,100.0,100.0,54.0,49.0,57.0,33.0,33.0,32.0,24.0,26.0,23.0,26.0,26.0,25.0,24.0,23.0,23.0,1004.0,1003.0,1004.0,996.0,997.0,999.0,1.0,0.0,0.0
2017-08-30,28,32,23,28.0,28.0,30.0,26.0,25.0,25.0,1001.47,1001.98,1001.64,100.0,100.0,100.0,66.0,54.0,49.0,31.0,33.0,33.0,24.0,24.0,26.0,27.0,26.0,26.0,24.0,24.0,23.0,1003.0,1004.0,1003.0,999.0,996.0,997.0,1.0,1.0,0.0
2017-08-31,27,31,23,28.0,28.0,28.0,25.0,26.0,25.0,1002.58,1001.47,1001.98,100.0,100.0,100.0,64.0,66.0,54.0,32.0,31.0,33.0,23.0,24.0,24.0,26.0,27.0,26.0,24.0,24.0,24.0,1005.0,1003.0,1004.0,999.0,999.0,996.0,0.5,1.0,1.0
2017-09-01,26,31,22,27.0,28.0,28.0,25.0,25.0,26.0,1004.9,1002.58,1001.47,100.0,100.0,100.0,61.0,64.0,66.0,31.0,32.0,31.0,23.0,23.0,24.0,27.0,26.0,27.0,23.0,24.0,24.0,1007.0,1005.0,1003.0,1000.0,999.0,999.0,20.0,0.5,1.0
2017-09-02,28,32,24,26.0,27.0,28.0,23.0,25.0,25.0,1005.98,1004.9,1002.58,100.0,100.0,100.0,56.0,61.0,64.0,31.0,31.0,32.0,22.0,23.0,23.0,25.0,27.0,26.0,21.0,23.0,24.0,1008.0,1007.0,1005.0,1003.0,1000.0,999.0,0.0,20.0,0.5
2017-09-03,26,32,21,28.0,26.0,27.0,23.0,23.0,25.0,1006.16,1005.98,1004.9,100.0,100.0,100.0,50.0,56.0,61.0,32.0,31.0,31.0,24.0,22.0,23.0,25.0,25.0,27.0,22.0,21.0,23.0,1008.0,1008.0,1007.0,1003.0,1003.0,1000.0,1.0,0.0,20.0
2017-09-04,28,34,23,26.0,28.0,26.0,24.0,23.0,23.0,1006.63,1006.16,1005.98,100.0,100.0,100.0,56.0,50.0,56.0,32.0,32.0,31.0,21.0,24.0,22.0,25.0,25.0,25.0,23.0,22.0,21.0,1008.0,1008.0,1008.0,1004.0,1003.0,1003.0,0.0,1.0,0.0
2017-09-05,29,35,23,28.0,26.0,28.0,23.0,24.0,23.0,1008.15,1006.63,1006.16,95.0,100.0,100.0,43.0,56.0,50.0,34.0,32.0,32.0,23.0,21.0,24.0,25.0,25.0,25.0,22.0,23.0,22.0,1011.0,1008.0,1008.0,1004.0,1004.0,1003.0,0.0,0.0,1.0
2017-09-06,29,34,24,29.0,28.0,26.0,22.0,23.0,24.0,1007.9,1008.15,1006.63,83.0,95.0,100.0,40.0,43.0,56.0,35.0,34.0,32.0,23.0,23.0,21.0,23.0,25.0,25.0,21.0,22.0,23.0,1011.0,1011.0,1008.0,1004.0,1004.0,1004.0,0.0,0.0,0.0
2017-09-07,30,34,25,29.0,29.0,28.0,22.0,22.0,23.0,1007.84,1007.9,1008.15,89.0,83.0,95.0,40.0,40.0,43.0,34.0,35.0,34.0,24.0,23.0,23.0,25.0,23.0,25.0,19.0,21.0,22.0,1010.0,1011.0,1011.0,1005.0,1004.0,1004.0,7.0,0.0,0.0
2017-09-08,30,34,25,30.0,29.0,29.0,23.0,22.0,22.0,1008.19,1007.84,1007.9,94.0,89.0,83.0,39.0,40.0,40.0,34.0,34.0,35.0,25.0,24.0,23.0,25.0,25.0,23.0,21.0,19.0,21.0,1011.0,1010.0,1011.0,1005.0,1005.0,1004.0,0.0,7.0,0.0
2017-09-09,30,36,24,30.0,30.0,29.0,22.0,23.0,22.0,1008.49,1008.19,1007.84,89.0,94.0,89.0,37.0,39.0,40.0,34.0,34.0,34.0,25.0,25.0,24.0,24.0,25.0,25.0,20.0,21.0,19.0,1011.0,1011.0,1010.0,1006.0,1005.0,1005.0,0.0,0.0,7.0
2017-09-10,30,36,24,30.0,30.0,30.0,22.0,22.0,23.0,1006.81,1008.49,1008.19,89.0,89.0,94.0,31.0,37.0,39.0,36.0,34.0,34.0,24.0,25.0,25.0,25.0,24.0,25.0,18.0,20.0,21.0,1010.0,1011.0,1011.0,1002.0,1006.0,1005.0,0.0,0.0,0.0
2017-09-11,32,36,27,30.0,30.0,30.0,21.0,22.0,22.0,1007.3,1006.81,1008.49,83.0,89.0,89.0,25.0,31.0,37.0,36.0,36.0,34.0,24.0,24.0,25.0,24.0,25.0,24.0,17.0,18.0,20.0,1010.0,1010.0,1011.0,1004.0,1002.0,1006.0,0.0,0.0,0.0
2017-09-12,29,34,24,32.0,30.0,30.0,21.0,21.0,22.0,1008.85,1007.3,1006.81,70.0,83.0,89.0,30.0,25.0,31.0,36.0,36.0,36.0,27.0,24.0,24.0,24.0,24.0,25.0,19.0,17.0,18.0,1011.0,1010.0,1010.0,1005.0,1004.0,1002.0,0.0,0.0,0.0
2017-09-13,29,35,23,29.0,32.0,30.0,23.0,21.0,21.0,1009.59,1008.85,1007.3,94.0,70.0,83.0,48.0,30.0,25.0,34.0,36.0,36.0,24.0,27.0,24.0,25.0,24.0,24.0,21.0,19.0,17.0,1012.0,1011.0,1010.0,1006.0,1005.0,1004.0,14.0,0.0,0.0
2017-09-14,28,33,23,29.0,29.0,32.0,23.0,23.0,21.0,1009.11,1009.59,1008.85,100.0,94.0,70.0,32.0,48.0,30.0,35.0,34.0,36.0,23.0,24.0,27.0,25.0,25.0,24.0,20.0,21.0,19.0,1012.0,1012.0,1011.0,1005.0,1006.0,1005.0,14.0,14.0,0.0
2017-09-15,30,35,24,28.0,29.0,29.0,23.0,23.0,23.0,1008.59,1009.11,1009.59,100.0,100.0,94.0,44.0,32.0,48.0,33.0,35.0,34.0,23.0,23.0,24.0,25.0,25.0,25.0,21.0,20.0,21.0,1011.0,1012.0,1012.0,1004.0,1005.0,1006.0,0.0,14.0,14.0
2017-09-16,30,34,25,30.0,28.0,29.0,23.0,23.0,23.0,1007.36,1008.59,1009.11,94.0,100.0,100.0,31.0,44.0,32.0,35.0,33.0,35.0,24.0,23.0,23.0,25.0,25.0,25.0,19.0,21.0,20.0,1010.0,1011.0,1012.0,1003.0,1004.0,1005.0,0.0,0.0,14.0
2017-09-17,30,35,24,30.0,30.0,28.0,20.0,23.0,23.0,1006.94,1007.36,1008.59,84.0,94.0,100.0,29.0,31.0,44.0,34.0,35.0,33.0,25.0,24.0,23.0,24.0,25.0,25.0,16.0,19.0,21.0,1009.0,1010.0,1011.0,1002.0,1003.0,1004.0,0.0,0.0,0.0
2017-09-18,30,37,24,30.0,30.0,30.0,18.0,20.0,23.0,1006.69,1006.94,1007.36,78.0,84.0,94.0,22.0,29.0,31.0,35.0,34.0,35.0,24.0,25.0,24.0,22.0,24.0,25.0,13.0,16.0,19.0,1009.0,1009.0,1010.0,1002.0,1002.0,1003.0,0.0,0.0,0.0
2017-09-19,29,37,21,30.0,30.0,30.0,15.0,18.0,20.0,1005.96,1006.69,1006.94,73.0,78.0,84.0,12.0,22.0,29.0,37.0,35.0,34.0,24.0,24.0,25.0,19.0,22.0,24.0,10.0,13.0,16.0,1009.0,1009.0,1009.0,1002.0,1002.0,1002.0,0.0,0.0,0.0
2017-09-20,30,37,24,29.0,30.0,30.0,14.0,15.0,18.0,1005.27,1005.96,1006.69,65.0,73.0,78.0,9.0,12.0,22.0,37.0,37.0,35.0,21.0,24.0,24.0,19.0,19.0,22.0,8.0,10.0,13.0,1008.0,1009.0,1009.0,1000.0,1002.0,1002.0,0.0,0.0,0.0
2017-09-21,30,35,25,30.0,29.0,30.0,15.0,14.0,15.0,1004.83,1005.27,1005.96,65.0,65.0,73.0,11.0,9.0,12.0,37.0,37.0,37.0,24.0,21.0,24.0,23.0,19.0,19.0,8.0,8.0,10.0,1009.0,1008.0,1009.0,1001.0,1000.0,1002.0,0.0,0.0,0.0
2017-09-22,30,34,26,30.0,30.0,29.0,21.0,15.0,14.0,1003.91,1004.83,1005.27,66.0,65.0,65.0,31.0,11.0,9.0,35.0,37.0,37.0,25.0,24.0,21.0,25.0,23.0,19.0,11.0,8.0,8.0,1006.0,1009.0,1008.0,1000.0,1001.0,1000.0,0.0,0.0,0.0
2017-09-23,30,36,24,30.0,30.0,30.0,22.0,21.0,15.0,1004.59,1003.91,1004.83,79.0,66.0,65.0,33.0,31.0,11.0,34.0,35.0,37.0,26.0,25.0,24.0,24.0,25.0,23.0,19.0,11.0,8.0,1006.0,1006.0,1009.0,1001.0,1000.0,1001.0,0.0,0.0,0.0
2017-09-24,30,36,24,30.0,30.0,30.0,19.0,22.0,21.0,1006.91,1004.59,1003.91,78.0,79.0,66.0,18.0,33.0,31.0,36.0,34.0,35.0,24.0,26.0,25.0,22.0,24.0,25.0,13.0,19.0,11.0,1010.0,1006.0,1006.0,1003.0,1001.0,1000.0,0.0,0.0,0.0
2017-09-25,31,36,26,30.0,30.0,30.0,19.0,19.0,22.0,1009.27,1006.91,1004.59,83.0,78.0,79.0,22.0,18.0,33.0,36.0,36.0,34.0,24.0,24.0,26.0,22.0,22.0,24.0,16.0,13.0,19.0,1012.0,1010.0,1006.0,1006.0,1003.0,1001.0,0.0,0.0,0.0
2017-09-26,30,36,25,31.0,30.0,30.0,18.0,19.0,19.0,1008.07,1009.27,1006.91,66.0,83.0,78.0,23.0,22.0,18.0,36.0,36.0,36.0,26.0,24.0,24.0,21.0,22.0,22.0,15.0,16.0,13.0,1011.0,1012.0,1010.0,1004.0,1006.0,1003.0,0.0,0.0,0.0
2017-09-27,32,37,26,30.0,31.0,30.0,17.0,18.0,19.0,1008.52,1008.07,1009.27,65.0,66.0,83.0,19.0,23.0,22.0,36.0,36.0,36.0,25.0,26.0,24.0,20.0,21.0,22.0,13.0,15.0,16.0,1011.0,1011.0,1012.0,1005.0,1004.0,1006.0,0.0,0.0,0.0
2017-09-28,32,37,26,32.0,30.0,31.0,15.0,17.0,18.0,1009.03,1008.52,1008.07,66.0,65.0,66.0,13.0,19.0,23.0,37.0,36.0,36.0,26.0,25.0,26.0,26.0,20.0,21.0,9.0,13.0,15.0,1012.0,1011.0,1011.0,1005.0,1005.0,1004.0,0.0,0.0,0.0
2017-09-29,30,37,24,32.0,32.0,30.0,10.0,15.0,17.0,1007.57,1009.03,1008.52,45.0,66.0,65.0,8.0,13.0,19.0,37.0,37.0,36.0,26.0,26.0,25.0,19.0,26.0,20.0,5.0,9.0,13.0,1011.0,1012.0,1011.0,1004.0,1005.0,1005.0,0.0,0.0,0.0
2017-09-30,31,38,24,30.0,32.0,32.0,10.0,10.0,15.0,1007.0,1007.57,1009.03,37.0,45.0,66.0,11.0,8.0,13.0,37.0,37.0,37.0,24.0,26.0,26.0,21.0,19.0,26.0,7.0,5.0,9.0,1010.0,1011.0,1012.0,1003.0,1004.0,1005.0,0.0,0.0,0.0
2017-10-01,30,37,23,31.0,30.0,32.0,11.0,10.0,10.0,1009.5,1007.0,1007.57,50.0,37.0,45.0,8.0,11.0,8.0,38.0,37.0,37.0,24.0,24.0,26.0,19.0,21.0,19.0,6.0,7.0,5.0,1012.0,1010.0,1011.0,1006.0,1003.0,1004.0,0.0,0.0,0.0
2017-10-02,31,38,24,30.0,31.0,30.0,10.0,11.0,10.0,1008.87,1009.5,1007.0,50.0,50.0,37.0,10.0,8.0,11.0,37.0,38.0,37.0,23.0,24.0,24.0,14.0,19.0,21.0,6.0,6.0,7.0,1013.0,1012.0,1010.0,1005.0,1006.0,1003.0,0.0,0.0,0.0
2017-10-03,32,37,27,31.0,30.0,31.0,10.0,10.0,11.0,1008.38,1008.87,1009.5,42.0,50.0,50.0,11.0,10.0,8.0,38.0,37.0,38.0,24.0,23.0,24.0,13.0,14.0,19.0,5.0,6.0,6.0,1011.0,1013.0,1012.0,1004.0,1005.0,1006.0,0.0,0.0,0.0
2017-10-04,30,37,23,32.0,31.0,30.0,9.0,10.0,10.0,1009.66,1008.38,1008.87,33.0,42.0,50.0,9.0,11.0,10.0,37.0,38.0,37.0,27.0,24.0,23.0,12.0,13.0,14.0,4.0,5.0,6.0,1018.0,1011.0,1013.0,1005.0,1004.0,1005.0,0.0,0.0,0.0
2017-10-05,29,36,22,30.0,32.0,31.0,11.0,9.0,10.0,1010.71,1009.66,1008.38,53.0,33.0,42.0,9.0,9.0,11.0,37.0,37.0,38.0,23.0,27.0,24.0,16.0,12.0,13.0,5.0,4.0,5.0,1013.0,1018.0,1011.0,1006.0,1005.0,1004.0,0.0,0.0,0.0
2017-10-06,30,36,25,29.0,30.0,32.0,12.0,11.0,9.0,1010.68,1010.71,1009.66,53.0,53.0,33.0,12.0,9.0,9.0,36.0,37.0,37.0,22.0,23.0,27.0,17.0,16.0,12.0,10.0,5.0,4.0,1013.0,1013.0,1018.0,1006.0,1006.0,1005.0,0.0,0.0,0.0
2017-10-07,28,36,21,30.0,29.0,30.0,10.0,12.0,11.0,1010.51,1010.68,1010.71,39.0,53.0,53.0,13.0,12.0,9.0,36.0,36.0,37.0,25.0,22.0,23.0,14.0,17.0,16.0,8.0,10.0,5.0,1014.0,1013.0,1013.0,1006.0,1006.0,1006.0,0.0,0.0,0.0
2017-10-08,30,37,22,28.0,30.0,29.0,11.0,10.0,12.0,1009.93,1010.51,1010.68,53.0,39.0,53.0,11.0,13.0,12.0,36.0,36.0,36.0,21.0,25.0,22.0,14.0,14.0,17.0,9.0,8.0,10.0,1013.0,1014.0,1013.0,1005.0,1006.0,1006.0,0.0,0.0,0.0
2017-10-09,30,36,23,30.0,28.0,30.0,11.0,11.0,10.0,1008.76,1009.93,1010.51,57.0,53.0,39.0,10.0,11.0,13.0,37.0,36.0,36.0,22.0,21.0,25.0,17.0,14.0,14.0,7.0,9.0,8.0,1011.0,1013.0,1014.0,1004.0,1005.0,1006.0,0.0,0.0,0.0
2017-10-10,30,37,22,30.0,30.0,28.0,11.0,11.0,11.0,1008.81,1008.76,1009.93,47.0,57.0,53.0,10.0,10.0,11.0,36.0,37.0,36.0,23.0,22.0,21.0,17.0,17.0,14.0,8.0,7.0,9.0,1011.0,1011.0,1013.0,1005.0,1004.0,1005.0,0.0,0.0,0.0
2017-10-11,30,36,23,30.0,30.0,30.0,10.0,11.0,11.0,1008.37,1008.81,1008.76,41.0,47.0,57.0,12.0,10.0,10.0,37.0,36.0,37.0,22.0,23.0,22.0,15.0,17.0,17.0,5.0,8.0,7.0,1011.0,1011.0,1011.0,1004.0,1005.0,1004.0,0.0,0.0,0.0
2017-10-12,29,37,21,30.0,30.0,30.0,12.0,10.0,11.0,1008.29,1008.37,1008.81,53.0,41.0,47.0,9.0,12.0,10.0,36.0,37.0,36.0,23.0,22.0,23.0,19.0,15.0,17.0,6.0,5.0,8.0,1011.0,1011.0,1011.0,1004.0,1004.0,1005.0,0.0,0.0,0.0
2017-10-13,29,36,22,29.0,30.0,30.0,9.0,12.0,10.0,1008.2,1008.29,1008.37,50.0,53.0,41.0,6.0,9.0,12.0,37.0,36.0,37.0,21.0,23.0,22.0,15.0,19.0,15.0,3.0,6.0,5.0,1011.0,1011.0,1011.0,1004.0,1004.0,1004.0,0.0,0.0,0.0
2017-10-14,30,38,22,29.0,29.0,30.0,8.0,9.0,12.0,1006.77,1008.2,1008.29,47.0,50.0,53.0,6.0,6.0,9.0,36.0,37.0,36.0,22.0,21.0,23.0,15.0,15.0,19.0,1.0,3.0,6.0,1010.0,1011.0,1011.0,1002.0,1004.0,1004.0,0.0,0.0,0.0
2017-10-15,30,39,21,30.0,29.0,29.0,5.0,8.0,9.0,1006.89,1006.77,1008.2,46.0,47.0,50.0,4.0,6.0,6.0,38.0,36.0,37.0,22.0,22.0,21.0,12.0,15.0,15.0,-5.0,1.0,3.0,1010.0,1010.0,1011.0,1002.0,1002.0,1004.0,0.0,0.0,0.0
2017-10-16,30,38,21,30.0,30.0,29.0,4.0,5.0,8.0,1007.37,1006.89,1006.77,38.0,46.0,47.0,4.0,4.0,6.0,39.0,38.0,36.0,21.0,22.0,22.0,9.0,12.0,15.0,-3.0,-5.0,1.0,1010.0,1010.0,1010.0,1004.0,1002.0,1002.0,0.0,0.0,0.0
2017-10-17,28,36,19,30.0,30.0,30.0,4.0,4.0,5.0,1008.21,1007.37,1006.89,44.0,38.0,46.0,4.0,4.0,4.0,38.0,39.0,38.0,21.0,21.0,22.0,10.0,9.0,12.0,-8.0,-3.0,-5.0,1011.0,1010.0,1010.0,1004.0,1004.0,1002.0,0.0,0.0,0.0
2017-10-18,28,36,19,28.0,30.0,30.0,4.0,4.0,4.0,1009.56,1008.21,1007.37,40.0,44.0,38.0,4.0,4.0,4.0,36.0,38.0,39.0,19.0,21.0,21.0,13.0,10.0,9.0,-3.0,-8.0,-3.0,1012.0,1011.0,1010.0,1006.0,1004.0,1004.0,0.0,0.0,0.0
2017-10-19,28,35,20,28.0,28.0,30.0,5.0,4.0,4.0,1010.37,1009.56,1008.21,46.0,40.0,44.0,6.0,4.0,4.0,36.0,36.0,38.0,19.0,19.0,21.0,14.0,13.0,10.0,-2.0,-3.0,-8.0,1014.0,1012.0,1011.0,1006.0,1006.0,1004.0,0.0,0.0,0.0
2017-10-20,28,36,21,28.0,28.0,28.0,10.0,5.0,4.0,1010.28,1010.37,1009.56,53.0,46.0,40.0,11.0,6.0,4.0,35.0,36.0,36.0,20.0,19.0,19.0,18.0,14.0,13.0,5.0,-2.0,-3.0,1013.0,1014.0,1012.0,1006.0,1006.0,1006.0,0.0,0.0,0.0
2017-10-21,28,36,21,28.0,28.0,28.0,11.0,10.0,5.0,1009.74,1010.28,1010.37,53.0,53.0,46.0,9.0,11.0,6.0,36.0,35.0,36.0,21.0,20.0,19.0,16.0,18.0,14.0,5.0,5.0,-2.0,1012.0,1013.0,1014.0,1006.0,1006.0,1006.0,0.0,0.0,0.0
2017-10-22,28,36,19,28.0,28.0,28.0,7.0,11.0,10.0,1009.09,1009.74,1010.28,57.0,53.0,53.0,4.0,9.0,11.0,36.0,36.0,35.0,21.0,21.0,20.0,15.0,16.0,18.0,-5.0,5.0,5.0,1012.0,1012.0,1013.0,1004.0,1006.0,1006.0,0.0,0.0,0.0
2017-10-23,26,34,19,28.0,28.0,28.0,3.0,7.0,11.0,1007.93,1009.09,1009.74,46.0,57.0,53.0,6.0,4.0,9.0,36.0,36.0,36.0,19.0,21.0,21.0,10.0,15.0,16.0,-3.0,-5.0,5.0,1010.0,1012.0,1012.0,1004.0,1004.0,1006.0,0.0,0.0,0.0
2017-10-24,27,34,20,26.0,28.0,28.0,2.0,3.0,7.0,1010.07,1007.93,1009.09,43.0,46.0,57.0,6.0,6.0,4.0,34.0,36.0,36.0,19.0,19.0,21.0,9.0,10.0,15.0,-3.0,-3.0,-5.0,1012.0,1010.0,1012.0,1006.0,1004.0,1004.0,0.0,0.0,0.0
2017-10-25,26,34,18,27.0,26.0,28.0,0.0,2.0,3.0,1012.72,1010.07,1007.93,35.0,43.0,46.0,4.0,6.0,6.0,34.0,34.0,36.0,20.0,19.0,19.0,14.0,9.0,10.0,-7.0,-3.0,-3.0,1015.0,1012.0,1010.0,1008.0,1006.0,1004.0,0.0,0.0,0.0
2017-10-26,28,34,21,26.0,27.0,26.0,3.0,0.0,2.0,1014.7,1012.72,1010.07,37.0,35.0,43.0,5.0,4.0,6.0,34.0,34.0,34.0,18.0,20.0,19.0,10.0,14.0,9.0,-3.0,-7.0,-3.0,1018.0,1015.0,1012.0,1004.0,1008.0,1006.0,0.0,0.0,0.0
2017-10-27,26,33,19,28.0,26.0,27.0,4.0,3.0,0.0,1015.29,1014.7,1012.72,41.0,37.0,35.0,4.0,5.0,4.0,34.0,34.0,34.0,21.0,18.0,20.0,12.0,10.0,14.0,-5.0,-3.0,-7.0,1018.0,1018.0,1015.0,1011.0,1004.0,1008.0,0.0,0.0,0.0
2017-10-28,26,34,19,26.0,28.0,26.0,6.0,4.0,3.0,1014.32,1015.29,1014.7,46.0,41.0,37.0,11.0,4.0,5.0,33.0,34.0,34.0,19.0,21.0,18.0,11.0,12.0,10.0,0.0,-5.0,-3.0,1017.0,1018.0,1018.0,1010.0,1011.0,1004.0,0.0,0.0,0.0
2017-10-29,26,34,19,26.0,26.0,28.0,5.0,6.0,4.0,1014.28,1014.32,1015.29,49.0,46.0,41.0,5.0,11.0,4.0,34.0,33.0,34.0,19.0,19.0,21.0,10.0,11.0,12.0,-1.0,0.0,-5.0,1016.0,1017.0,1018.0,1010.0,1010.0,1011.0,0.0,0.0,0.0
2017-10-30,26,33,20,26.0,26.0,26.0,3.0,5.0,6.0,1015.79,1014.28,1014.32,43.0,49.0,46.0,5.0,5.0,11.0,34.0,34.0,33.0,19.0,19.0,19.0,8.0,10.0,11.0,-3.0,-1.0,0.0,1018.0,1016.0,1017.0,1013.0,1010.0,1010.0,0.0,0.0,0.0
2017-10-31,24,32,17,26.0,26.0,26.0,9.0,3.0,5.0,1016.35,1015.79,1014.28,53.0,43.0,49.0,9.0,5.0,5.0,33.0,34.0,34.0,20.0,19.0,19.0,13.0,8.0,10.0,3.0,-3.0,-1.0,1020.0,1018.0,1016.0,1012.0,1013.0,1010.0,0.0,0.0,0.0
2017-11-01,25,33,17,24.0,26.0,26.0,8.0,9.0,3.0,1014.77,1016.35,1015.79,56.0,53.0,43.0,11.0,9.0,5.0,32.0,33.0,34.0,17.0,20.0,19.0,12.0,13.0,8.0,3.0,3.0,-3.0,1017.0,1020.0,1018.0,1011.0,1012.0,1013.0,0.0,0.0,0.0
2017-11-02,25,33,17,25.0,24.0,26.0,6.0,8.0,9.0,1015.5,1014.77,1016.35,57.0,56.0,53.0,7.0,11.0,9.0,33.0,32.0,33.0,17.0,17.0,20.0,12.0,12.0,13.0,0.0,3.0,3.0,1019.0,1017.0,1020.0,1012.0,1011.0,1012.0,0.0,0.0,0.0
2017-11-03,25,33,17,25.0,25.0,24.0,6.0,6.0,8.0,1014.37,1015.5,1014.77,58.0,57.0,56.0,9.0,7.0,11.0,33.0,33.0,32.0,17.0,17.0,17.0,12.0,12.0,12.0,2.0,0.0,3.0,1018.0,1019.0,1017.0,1010.0,1012.0,1011.0,0.0,0.0,0.0
2017-11-04,24,30,18,25.0,25.0,25.0,7.0,6.0,6.0,1014.67,1014.37,1015.5,53.0,58.0,57.0,8.0,9.0,7.0,33.0,33.0,33.0,17.0,17.0,17.0,14.0,12.0,12.0,2.0,2.0,0.0,1017.0,1018.0,1019.0,1011.0,1010.0,1012.0,0.0,0.0,0.0
2017-11-05,25,30,20,24.0,25.0,25.0,12.0,7.0,6.0,1016.1,1014.67,1014.37,60.0,53.0,58.0,20.0,8.0,9.0,30.0,33.0,33.0,18.0,17.0,17.0,16.0,14.0,12.0,10.0,2.0,2.0,1019.0,1017.0,1018.0,1013.0,1011.0,1010.0,0.0,0.0,0.0
2017-11-06,24,30,17,25.0,24.0,25.0,12.0,12.0,7.0,1016.73,1016.1,1014.67,68.0,60.0,53.0,19.0,20.0,8.0,30.0,30.0,33.0,20.0,18.0,17.0,17.0,16.0,14.0,8.0,10.0,2.0,1020.0,1019.0,1017.0,1014.0,1013.0,1011.0,0.0,0.0,0.0
2017-11-07,24,32,16,24.0,25.0,24.0,11.0,12.0,12.0,1016.51,1016.73,1016.1,68.0,68.0,60.0,17.0,19.0,20.0,30.0,30.0,30.0,17.0,20.0,18.0,14.0,17.0,16.0,8.0,8.0,10.0,1019.0,1020.0,1019.0,1013.0,1014.0,1013.0,0.0,0.0,0.0
2017-11-08,23,29,17,24.0,24.0,25.0,9.0,11.0,12.0,1015.29,1016.51,1016.73,63.0,68.0,68.0,13.0,17.0,19.0,32.0,30.0,30.0,16.0,17.0,20.0,13.0,14.0,17.0,6.0,8.0,8.0,1018.0,1019.0,1020.0,1002.0,1013.0,1014.0,0.0,0.0,0.0
2017-11-09,24,31,16,23.0,24.0,24.0,7.0,9.0,11.0,1015.42,1015.29,1016.51,56.0,63.0,68.0,11.0,13.0,17.0,29.0,32.0,30.0,17.0,16.0,17.0,10.0,13.0,14.0,1.0,6.0,8.0,1018.0,1018.0,1019.0,1012.0,1002.0,1013.0,0.0,0.0,0.0
2017-11-10,23,30,16,24.0,23.0,24.0,7.0,7.0,9.0,1014.53,1015.42,1015.29,100.0,56.0,63.0,13.0,11.0,13.0,31.0,29.0,32.0,16.0,17.0,16.0,28.0,10.0,13.0,2.0,1.0,6.0,1017.0,1018.0,1018.0,1011.0,1012.0,1002.0,0.0,0.0,0.0
2017-11-11,22,30,15,23.0,24.0,23.0,6.0,7.0,7.0,1015.25,1014.53,1015.42,52.0,100.0,56.0,10.0,13.0,11.0,30.0,31.0,29.0,16.0,16.0,17.0,11.0,28.0,10.0,2.0,2.0,1.0,1018.0,1017.0,1018.0,1012.0,1011.0,1012.0,0.0,0.0,0.0
2017-11-12,22,31,14,22.0,23.0,24.0,7.0,6.0,7.0,1016.05,1015.25,1014.53,57.0,52.0,100.0,9.0,10.0,13.0,30.0,30.0,31.0,15.0,16.0,16.0,13.0,11.0,28.0,2.0,2.0,2.0,1019.0,1018.0,1017.0,1012.0,1012.0,1011.0,0.0,0.0,0.0
2017-11-13,22,30,14,22.0,22.0,23.0,6.0,7.0,6.0,1013.51,1016.05,1015.25,59.0,57.0,52.0,15.0,9.0,10.0,31.0,30.0,30.0,14.0,15.0,16.0,11.0,13.0,11.0,2.0,2.0,2.0,1017.0,1019.0,1018.0,1009.0,1012.0,1012.0,0.0,0.0,0.0
2017-11-14,22,28,17,22.0,22.0,22.0,7.0,6.0,7.0,1012.56,1013.51,1016.05,59.0,59.0,57.0,12.0,15.0,9.0,30.0,31.0,30.0,14.0,14.0,15.0,8.0,11.0,13.0,5.0,2.0,2.0,1015.0,1017.0,1019.0,1008.0,1009.0,1012.0,0.0,0.0,0.0
2017-11-15,22,28,17,22.0,22.0,22.0,7.0,7.0,6.0,1011.0,1012.56,1013.51,45.0,59.0,59.0,15.0,12.0,15.0,28.0,30.0,31.0,17.0,14.0,14.0,11.0,8.0,11.0,3.0,5.0,2.0,1014.0,1015.0,1017.0,1007.0,1008.0,1009.0,0.0,0.0,0.0
2017-11-16,22,27,18,22.0,22.0,22.0,9.0,7.0,7.0,1012.75,1011.0,1012.56,52.0,45.0,59.0,23.0,15.0,12.0,28.0,28.0,30.0,17.0,17.0,14.0,12.0,11.0,8.0,8.0,3.0,5.0,1015.0,1014.0,1015.0,1010.0,1007.0,1008.0,0.0,0.0,0.0
2017-11-17,21,24,18,22.0,22.0,22.0,11.0,9.0,7.0,1014.04,1012.75,1011.0,56.0,52.0,45.0,30.0,23.0,15.0,27.0,28.0,28.0,18.0,17.0,17.0,13.0,12.0,11.0,10.0,8.0,3.0,1017.0,1015.0,1014.0,1011.0,1010.0,1007.0,0.0,0.0,0.0
2017-11-18,20,24,16,21.0,22.0,22.0,11.0,11.0,9.0,1015.15,1014.04,1012.75,60.0,56.0,52.0,29.0,30.0,23.0,24.0,27.0,28.0,18.0,18.0,17.0,13.0,13.0,12.0,9.0,10.0,8.0,1018.0,1017.0,1015.0,1013.0,1011.0,1010.0,0.0,0.0,0.0
2017-11-19,20,25,15,20.0,21.0,22.0,11.0,11.0,11.0,1016.0,1015.15,1014.04,72.0,60.0,56.0,27.0,29.0,30.0,24.0,24.0,27.0,16.0,18.0,18.0,13.0,13.0,13.0,9.0,9.0,10.0,1018.0,1018.0,1017.0,1014.0,1013.0,1011.0,0.0,0.0,0.0
2017-11-20,18,25,12,20.0,20.0,21.0,6.0,11.0,11.0,1017.2,1016.0,1015.15,56.0,72.0,60.0,20.0,27.0,29.0,25.0,24.0,24.0,15.0,16.0,18.0,10.0,13.0,13.0,4.0,9.0,9.0,1019.0,1018.0,1018.0,1015.0,1014.0,1013.0,0.0,0.0,0.0
2017-11-21,18,25,11,18.0,20.0,20.0,1.0,6.0,11.0,1018.55,1017.2,1016.0,62.0,56.0,72.0,8.0,20.0,27.0,25.0,25.0,24.0,12.0,15.0,16.0,8.0,10.0,13.0,-4.0,4.0,9.0,1021.0,1019.0,1018.0,1016.0,1015.0,1014.0,0.0,0.0,0.0
2017-11-22,18,25,11,18.0,18.0,20.0,0.0,1.0,6.0,1016.75,1018.55,1017.2,47.0,62.0,56.0,9.0,8.0,20.0,25.0,25.0,25.0,11.0,12.0,15.0,5.0,8.0,10.0,-6.0,-4.0,4.0,1019.0,1021.0,1019.0,1014.0,1016.0,1015.0,0.0,0.0,0.0
2017-11-23,18,25,10,18.0,18.0,18.0,-1.0,0.0,1.0,1015.79,1016.75,1018.55,58.0,47.0,62.0,6.0,9.0,8.0,25.0,25.0,25.0,11.0,11.0,12.0,7.0,5.0,8.0,-6.0,-6.0,-4.0,1019.0,1019.0,1021.0,1013.0,1014.0,1016.0,0.0,0.0,0.0
2017-11-24,18,26,10,18.0,18.0,18.0,-2.0,-1.0,0.0,1015.03,1015.79,1016.75,54.0,58.0,47.0,7.0,6.0,9.0,25.0,25.0,25.0,10.0,11.0,11.0,5.0,7.0,5.0,-8.0,-6.0,-6.0,1017.0,1019.0,1019.0,1012.0,1013.0,1014.0,0.0,0.0,0.0
2017-11-25,19,28,10,18.0,18.0,18.0,-1.0,-2.0,-1.0,1016.6,1015.03,1015.79,82.0,54.0,58.0,8.0,7.0,6.0,26.0,25.0,25.0,10.0,10.0,11.0,10.0,5.0,7.0,-6.0,-8.0,-6.0,1019.0,1017.0,1019.0,1014.0,1012.0,1013.0,0.0,0.0,0.0
2017-11-26,20,28,11,19.0,18.0,18.0,-1.0,-1.0,-2.0,1016.86,1016.6,1015.03,54.0,82.0,54.0,9.0,8.0,7.0,28.0,26.0,25.0,10.0,10.0,10.0,5.0,10.0,5.0,-9.0,-6.0,-8.0,1020.0,1019.0,1017.0,1014.0,1014.0,1012.0,0.0,0.0,0.0
2017-11-27,20,29,11,20.0,19.0,18.0,0.0,-1.0,-1.0,1018.02,1016.86,1016.6,54.0,54.0,82.0,7.0,9.0,8.0,28.0,28.0,26.0,11.0,10.0,10.0,5.0,5.0,10.0,-5.0,-9.0,-6.0,1021.0,1020.0,1019.0,1015.0,1014.0,1014.0,0.0,0.0,0.0
2017-11-28,20,29,11,20.0,20.0,19.0,0.0,0.0,-1.0,1015.62,1018.02,1016.86,62.0,54.0,54.0,5.0,7.0,9.0,29.0,28.0,28.0,11.0,11.0,10.0,7.0,5.0,5.0,-7.0,-5.0,-9.0,1018.0,1021.0,1020.0,1012.0,1015.0,1014.0,0.0,0.0,0.0
2017-11-29,20,29,11,20.0,20.0,20.0,1.0,0.0,0.0,1014.79,1015.62,1018.02,54.0,62.0,54.0,6.0,5.0,7.0,29.0,29.0,28.0,11.0,11.0,11.0,8.0,7.0,5.0,-4.0,-7.0,-5.0,1017.0,1018.0,1021.0,1012.0,1012.0,1015.0,0.0,0.0,0.0
2017-11-30,20,28,12,20.0,20.0,20.0,2.0,1.0,0.0,1016.34,1014.79,1015.62,51.0,54.0,62.0,7.0,6.0,5.0,29.0,29.0,29.0,11.0,11.0,11.0,9.0,8.0,7.0,-2.0,-4.0,-7.0,1019.0,1017.0,1018.0,1014.0,1012.0,1012.0,0.0,0.0,0.0
2017-12-01,20,29,12,20.0,20.0,20.0,3.0,2.0,1.0,1016.2,1016.34,1014.79,55.0,51.0,54.0,7.0,7.0,6.0,28.0,29.0,29.0,12.0,11.0,11.0,7.0,9.0,8.0,-1.0,-2.0,-4.0,1018.0,1019.0,1017.0,1013.0,1014.0,1012.0,0.0,0.0,0.0
2017-12-02,20,26,14,20.0,20.0,20.0,4.0,3.0,2.0,1016.12,1016.2,1016.34,51.0,55.0,51.0,10.0,7.0,7.0,29.0,28.0,29.0,12.0,12.0,11.0,7.0,7.0,9.0,0.0,-1.0,-2.0,1018.0,1018.0,1019.0,1013.0,1013.0,1014.0,0.0,0.0,0.0
2017-12-03,19,25,13,20.0,20.0,20.0,3.0,4.0,3.0,1017.29,1016.12,1016.2,45.0,51.0,55.0,14.0,10.0,7.0,26.0,29.0,28.0,14.0,12.0,12.0,7.0,7.0,7.0,0.0,0.0,-1.0,1020.0,1018.0,1018.0,1014.0,1013.0,1013.0,0.0,0.0,0.0
2017-12-04,18,24,12,19.0,20.0,20.0,3.0,3.0,4.0,1017.07,1017.29,1016.12,51.0,45.0,51.0,13.0,14.0,10.0,25.0,26.0,29.0,13.0,14.0,12.0,6.0,7.0,7.0,1.0,0.0,0.0,1020.0,1020.0,1018.0,1014.0,1014.0,1013.0,0.0,0.0,0.0
2017-12-05,18,21,16,18.0,19.0,20.0,5.0,3.0,3.0,1015.63,1017.07,1017.29,58.0,51.0,45.0,18.0,13.0,14.0,24.0,25.0,26.0,12.0,13.0,14.0,8.0,6.0,7.0,3.0,1.0,0.0,1018.0,1020.0,1020.0,1013.0,1014.0,1014.0,0.0,0.0,0.0
2017-12-06,16,20,13,18.0,18.0,19.0,7.0,5.0,3.0,1016.0,1015.63,1017.07,72.0,58.0,51.0,27.0,18.0,13.0,21.0,24.0,25.0,16.0,12.0,13.0,11.0,8.0,6.0,5.0,3.0,1.0,1018.0,1018.0,1020.0,1014.0,1013.0,1014.0,0.0,0.0,0.0
2017-12-07,18,24,13,16.0,18.0,18.0,9.0,7.0,5.0,1016.39,1016.0,1015.63,82.0,72.0,58.0,24.0,27.0,18.0,20.0,21.0,24.0,13.0,16.0,12.0,11.0,11.0,8.0,4.0,5.0,3.0,1018.0,1018.0,1018.0,1014.0,1014.0,1013.0,0.0,0.0,0.0
2017-12-08,18,26,10,18.0,16.0,18.0,4.0,9.0,7.0,1016.27,1016.39,1016.0,77.0,82.0,72.0,11.0,24.0,27.0,24.0,20.0,21.0,13.0,13.0,16.0,11.0,11.0,11.0,-2.0,4.0,5.0,1018.0,1018.0,1018.0,1014.0,1014.0,1014.0,0.0,0.0,0.0
2017-12-09,18,27,10,18.0,18.0,16.0,2.0,4.0,9.0,1016.64,1016.27,1016.39,59.0,77.0,82.0,13.0,11.0,24.0,26.0,24.0,20.0,10.0,13.0,13.0,9.0,11.0,11.0,-3.0,-2.0,4.0,1019.0,1018.0,1018.0,1013.0,1014.0,1014.0,0.0,0.0,0.0
2017-12-10,20,27,12,18.0,18.0,18.0,6.0,2.0,4.0,1016.05,1016.64,1016.27,62.0,59.0,77.0,16.0,13.0,11.0,27.0,26.0,24.0,10.0,10.0,13.0,8.0,9.0,11.0,4.0,-3.0,-2.0,1018.0,1019.0,1018.0,1013.0,1013.0,1014.0,0.0,0.0,0.0
2017-12-11,20,25,14,20.0,18.0,18.0,6.0,6.0,2.0,1015.9,1016.05,1016.64,59.0,62.0,59.0,17.0,16.0,13.0,27.0,27.0,26.0,12.0,10.0,10.0,9.0,8.0,9.0,5.0,4.0,-3.0,1018.0,1018.0,1019.0,1013.0,1013.0,1013.0,0.0,0.0,0.0
2017-12-12,16,20,12,20.0,20.0,18.0,8.0,6.0,6.0,1014.46,1015.9,1016.05,96.0,59.0,62.0,20.0,17.0,16.0,25.0,27.0,27.0,14.0,12.0,10.0,15.0,9.0,8.0,4.0,5.0,4.0,1017.0,1018.0,1018.0,1012.0,1013.0,1013.0,5.0,0.0,0.0
2017-12-13,16,22,9,16.0,20.0,20.0,13.0,8.0,6.0,1016.39,1014.46,1015.9,100.0,96.0,59.0,53.0,20.0,17.0,20.0,25.0,27.0,12.0,14.0,12.0,16.0,15.0,9.0,11.0,4.0,5.0,1018.0,1017.0,1018.0,1014.0,1012.0,1013.0,0.0,5.0,0.0
2017-12-14,16,23,10,16.0,16.0,20.0,9.0,13.0,8.0,1018.02,1016.39,1014.46,100.0,100.0,96.0,20.0,53.0,20.0,22.0,20.0,25.0,9.0,12.0,14.0,15.0,16.0,15.0,0.0,11.0,4.0,1021.0,1018.0,1017.0,1002.0,1014.0,1012.0,0.0,0.0,5.0
2017-12-15,16,23,9,16.0,16.0,16.0,4.0,9.0,13.0,1019.4,1018.02,1016.39,72.0,100.0,100.0,20.0,20.0,53.0,23.0,22.0,20.0,10.0,9.0,12.0,8.0,15.0,16.0,0.0,0.0,11.0,1022.0,1021.0,1018.0,1017.0,1002.0,1014.0,0.0,0.0,0.0
2017-12-16,16,22,10,16.0,16.0,16.0,2.0,4.0,9.0,1020.47,1019.4,1018.02,62.0,72.0,100.0,16.0,20.0,20.0,23.0,23.0,22.0,9.0,10.0,9.0,5.0,8.0,15.0,0.0,0.0,0.0,1023.0,1022.0,1021.0,1016.0,1017.0,1002.0,0.0,0.0,0.0
2017-12-17,16,25,8,16.0,16.0,16.0,-2.0,2.0,4.0,1022.15,1020.47,1019.4,58.0,62.0,72.0,8.0,16.0,20.0,22.0,23.0,23.0,10.0,9.0,10.0,5.0,5.0,8.0,-11.0,0.0,0.0,1024.0,1023.0,1022.0,1020.0,1016.0,1017.0,0.0,0.0,0.0
2017-12-18,18,25,12,16.0,16.0,16.0,-2.0,-2.0,2.0,1023.07,1022.15,1020.47,62.0,58.0,62.0,4.0,8.0,16.0,25.0,22.0,23.0,8.0,10.0,9.0,4.0,5.0,5.0,-11.0,-11.0,0.0,1026.0,1024.0,1023.0,1020.0,1020.0,1016.0,0.0,0.0,0.0
2017-12-19,18,26,10,18.0,16.0,16.0,-2.0,-2.0,-2.0,1021.69,1023.07,1022.15,41.0,62.0,58.0,10.0,4.0,8.0,25.0,25.0,22.0,12.0,8.0,10.0,1.0,4.0,5.0,-7.0,-11.0,-11.0,1024.0,1026.0,1024.0,1012.0,1020.0,1020.0,0.0,0.0,0.0
2017-12-20,19,26,12,18.0,18.0,16.0,2.0,-2.0,-2.0,1021.04,1021.69,1023.07,54.0,41.0,62.0,10.0,10.0,4.0,26.0,25.0,25.0,10.0,12.0,8.0,5.0,1.0,4.0,-3.0,-7.0,-11.0,1023.0,1024.0,1026.0,1018.0,1012.0,1020.0,0.0,0.0,0.0
2017-12-21,19,28,10,19.0,18.0,18.0,4.0,2.0,-2.0,1021.86,1021.04,1021.69,59.0,54.0,41.0,14.0,10.0,10.0,26.0,26.0,25.0,12.0,10.0,12.0,8.0,5.0,1.0,0.0,-3.0,-7.0,1024.0,1023.0,1024.0,1020.0,1018.0,1012.0,0.0,0.0,0.0
2017-12-22,18,25,11,19.0,19.0,18.0,5.0,4.0,2.0,1021.98,1021.86,1021.04,62.0,59.0,54.0,12.0,14.0,10.0,28.0,26.0,26.0,10.0,12.0,10.0,8.0,8.0,5.0,2.0,0.0,-3.0,1025.0,1024.0,1023.0,1019.0,1020.0,1018.0,0.0,0.0,0.0
2017-12-23,18,25,11,18.0,19.0,19.0,5.0,5.0,4.0,1020.4,1021.98,1021.86,72.0,62.0,59.0,13.0,12.0,14.0,25.0,28.0,26.0,11.0,10.0,12.0,9.0,8.0,8.0,0.0,2.0,0.0,1023.0,1025.0,1024.0,1018.0,1019.0,1020.0,0.0,0.0,0.0
2017-12-24,17,25,9,18.0,18.0,19.0,1.0,5.0,5.0,1016.8,1020.4,1021.98,67.0,72.0,62.0,9.0,13.0,12.0,25.0,25.0,28.0,11.0,11.0,10.0,6.0,9.0,8.0,-6.0,0.0,2.0,1019.0,1023.0,1025.0,1014.0,1018.0,1019.0,0.0,0.0,0.0
2017-12-25,18,25,10,17.0,18.0,18.0,3.0,1.0,5.0,1016.19,1016.8,1020.4,54.0,67.0,72.0,14.0,9.0,13.0,25.0,25.0,25.0,9.0,11.0,11.0,6.0,6.0,9.0,1.0,-6.0,0.0,1018.0,1019.0,1023.0,1014.0,1014.0,1018.0,0.0,0.0,0.0
2017-12-26,18,25,10,18.0,17.0,18.0,3.0,3.0,1.0,1018.24,1016.19,1016.8,71.0,54.0,67.0,13.0,14.0,9.0,25.0,25.0,25.0,10.0,9.0,11.0,8.0,6.0,6.0,-3.0,1.0,-6.0,1021.0,1018.0,1019.0,1016.0,1014.0,1014.0,0.0,0.0,0.0
2017-12-27,17,25,9,18.0,18.0,17.0,4.0,3.0,3.0,1019.0,1018.24,1016.19,72.0,71.0,54.0,15.0,13.0,14.0,25.0,25.0,25.0,10.0,10.0,9.0,8.0,8.0,6.0,1.0,-3.0,1.0,1021.0,1021.0,1018.0,1017.0,1016.0,1014.0,0.0,0.0,0.0
2017-12-28,17,25,9,17.0,18.0,18.0,4.0,4.0,3.0,1017.88,1019.0,1018.24,71.0,72.0,71.0,15.0,15.0,13.0,25.0,25.0,25.0,9.0,10.0,10.0,7.0,8.0,8.0,1.0,1.0,-3.0,1021.0,1021.0,1021.0,1016.0,1017.0,1016.0,0.0,0.0,0.0
2017-12-29,18,25,10,17.0,17.0,18.0,3.0,4.0,4.0,1017.33,1017.88,1019.0,75.0,71.0,72.0,12.0,15.0,15.0,25.0,25.0,25.0,9.0,9.0,10.0,10.0,7.0,8.0,0.0,1.0,1.0,1020.0,1021.0,1021.0,1015.0,1016.0,1017.0,0.0,0.0,0.0
2017-12-30,16,24,9,18.0,17.0,17.0,4.0,3.0,4.0,1017.63,1017.33,1017.88,66.0,75.0,71.0,11.0,12.0,15.0,25.0,25.0,25.0,10.0,9.0,9.0,8.0,10.0,7.0,-1.0,0.0,1.0,1020.0,1020.0,1021.0,1015.0,1015.0,1016.0,0.0,0.0,0.0
2017-12-31,16,22,9,16.0,18.0,17.0,5.0,4.0,3.0,1017.87,1017.63,1017.33,67.0,66.0,75.0,18.0,11.0,12.0,24.0,25.0,25.0,9.0,10.0,9.0,7.0,8.0,10.0,2.0,-1.0,0.0,1021.0,1020.0,1020.0,1015.0,1015.0,1015.0,0.0,0.0,0.0
2018-01-01,16,23,8,16.0,16.0,18.0,5.0,5.0,4.0,1016.41,1017.87,1017.63,67.0,67.0,66.0,22.0,18.0,11.0,22.0,24.0,25.0,9.0,9.0,10.0,8.0,7.0,8.0,2.0,2.0,-1.0,1019.0,1021.0,1020.0,1013.0,1015.0,1015.0,0.0,0.0,0.0
2018-01-02,14,22,7,16.0,16.0,16.0,4.0,5.0,5.0,1014.17,1016.41,1017.87,87.0,67.0,67.0,16.0,22.0,18.0,23.0,22.0,24.0,8.0,9.0,9.0,9.0,8.0,7.0,-4.0,2.0,2.0,1017.0,1019.0,1021.0,1012.0,1013.0,1015.0,0.0,0.0,0.0
2018-01-03,14,23,6,14.0,16.0,16.0,4.0,4.0,5.0,1014.83,1014.17,1016.41,93.0,87.0,67.0,21.0,16.0,22.0,22.0,23.0,22.0,7.0,8.0,9.0,9.0,9.0,8.0,1.0,-4.0,2.0,1017.0,1017.0,1019.0,1004.0,1012.0,1013.0,0.0,0.0,0.0
2018-01-04,16,22,10,14.0,14.0,16.0,2.0,4.0,4.0,1016.09,1014.83,1014.17,81.0,93.0,87.0,13.0,21.0,16.0,23.0,22.0,23.0,6.0,7.0,8.0,6.0,9.0,9.0,-3.0,1.0,-4.0,1019.0,1017.0,1017.0,1014.0,1004.0,1012.0,0.0,0.0,0.0
2018-01-05,15,23,7,16.0,14.0,14.0,2.0,2.0,4.0,1015.52,1016.09,1014.83,70.0,81.0,93.0,17.0,13.0,21.0,22.0,23.0,22.0,10.0,6.0,7.0,6.0,6.0,9.0,-2.0,-3.0,1.0,1018.0,1019.0,1017.0,1013.0,1014.0,1004.0,0.0,0.0,0.0
2018-01-06,16,24,8,15.0,16.0,14.0,4.0,2.0,2.0,1014.7,1015.52,1016.09,76.0,70.0,81.0,15.0,17.0,13.0,23.0,22.0,23.0,7.0,10.0,6.0,7.0,6.0,6.0,0.0,-2.0,-3.0,1017.0,1018.0,1019.0,1013.0,1013.0,1014.0,0.0,0.0,0.0
2018-01-07,14,22,7,16.0,15.0,16.0,6.0,4.0,2.0,1014.48,1014.7,1015.52,93.0,76.0,70.0,23.0,15.0,17.0,24.0,23.0,22.0,8.0,7.0,10.0,8.0,7.0,6.0,2.0,0.0,-2.0,1016.0,1017.0,1018.0,1012.0,1013.0,1013.0,0.0,0.0,0.0
2018-01-08,15,23,7,14.0,16.0,15.0,1.0,6.0,4.0,1015.68,1014.48,1014.7,67.0,93.0,76.0,12.0,23.0,15.0,22.0,24.0,23.0,7.0,8.0,7.0,6.0,8.0,7.0,-4.0,2.0,0.0,1018.0,1016.0,1017.0,1014.0,1012.0,1013.0,0.0,0.0,0.0
2018-01-09,15,24,6,15.0,14.0,16.0,0.0,1.0,6.0,1017.44,1015.68,1014.48,66.0,67.0,93.0,8.0,12.0,23.0,23.0,22.0,24.0,7.0,7.0,8.0,4.0,6.0,8.0,-6.0,-4.0,2.0,1020.0,1018.0,1016.0,1016.0,1014.0,1012.0,0.0,0.0,0.0
2018-01-10,16,24,7,15.0,15.0,14.0,1.0,0.0,1.0,1019.72,1017.44,1015.68,66.0,66.0,67.0,12.0,8.0,12.0,24.0,23.0,22.0,6.0,7.0,7.0,6.0,4.0,6.0,-2.0,-6.0,-4.0,1022.0,1020.0,1018.0,1018.0,1016.0,1014.0,0.0,0.0,0.0
2018-01-11,16,24,8,16.0,15.0,15.0,0.0,1.0,0.0,1019.8,1019.72,1017.44,71.0,66.0,66.0,12.0,12.0,8.0,24.0,24.0,23.0,7.0,6.0,7.0,6.0,6.0,4.0,-6.0,-2.0,-6.0,1022.0,1022.0,1020.0,1017.0,1018.0,1016.0,0.0,0.0,0.0
2018-01-12,16,24,9,16.0,16.0,15.0,-2.0,0.0,1.0,1018.5,1019.8,1019.72,62.0,71.0,66.0,8.0,12.0,12.0,24.0,24.0,24.0,8.0,7.0,6.0,4.0,6.0,6.0,-6.0,-6.0,-2.0,1021.0,1022.0,1022.0,1016.0,1017.0,1018.0,0.0,0.0,0.0
2018-01-13,19,26,12,16.0,16.0,16.0,0.0,-2.0,0.0,1017.0,1018.5,1019.8,48.0,62.0,71.0,10.0,8.0,12.0,24.0,24.0,24.0,9.0,8.0,7.0,5.0,4.0,6.0,-4.0,-6.0,-6.0,1019.0,1021.0,1022.0,1015.0,1016.0,1017.0,0.0,0.0,0.0
2018-01-14,18,26,10,19.0,16.0,16.0,3.0,0.0,-2.0,1016.69,1017.0,1018.5,51.0,48.0,62.0,12.0,10.0,8.0,26.0,24.0,24.0,12.0,9.0,8.0,7.0,5.0,4.0,0.0,-4.0,-6.0,1019.0,1019.0,1021.0,1013.0,1015.0,1016.0,0.0,0.0,0.0
2018-01-15,16,25,8,18.0,19.0,16.0,3.0,3.0,0.0,1016.75,1016.69,1017.0,66.0,51.0,48.0,12.0,12.0,10.0,26.0,26.0,24.0,10.0,12.0,9.0,6.0,7.0,5.0,1.0,0.0,-4.0,1019.0,1019.0,1019.0,1014.0,1013.0,1015.0,0.0,0.0,0.0
2018-01-16,16,26,7,16.0,18.0,19.0,-1.0,3.0,3.0,1017.23,1016.75,1016.69,66.0,66.0,51.0,6.0,12.0,12.0,25.0,26.0,26.0,8.0,10.0,12.0,6.0,6.0,7.0,-9.0,1.0,0.0,1020.0,1019.0,1019.0,1014.0,1014.0,1013.0,0.0,0.0,0.0
2018-01-17,18,26,10,16.0,16.0,18.0,-3.0,-1.0,3.0,1014.85,1017.23,1016.75,53.0,66.0,66.0,8.0,6.0,12.0,26.0,25.0,26.0,7.0,8.0,10.0,8.0,6.0,6.0,-11.0,-9.0,1.0,1018.0,1020.0,1019.0,1012.0,1014.0,1014.0,0.0,0.0,0.0
2018-01-18,20,27,12,18.0,16.0,16.0,1.0,-3.0,-1.0,1014.38,1014.85,1017.23,44.0,53.0,66.0,12.0,8.0,6.0,26.0,26.0,25.0,10.0,7.0,8.0,7.0,8.0,6.0,-10.0,-11.0,-9.0,1017.0,1018.0,1020.0,1012.0,1012.0,1014.0,0.0,0.0,0.0
2018-01-19,19,27,11,20.0,18.0,16.0,6.0,1.0,-3.0,1015.9,1014.38,1014.85,55.0,44.0,53.0,15.0,12.0,8.0,27.0,26.0,26.0,12.0,10.0,7.0,9.0,7.0,8.0,4.0,-10.0,-11.0,1018.0,1017.0,1018.0,1012.0,1012.0,1012.0,0.0,0.0,0.0
2018-01-20,17,24,10,19.0,20.0,18.0,6.0,6.0,1.0,1016.6,1015.9,1014.38,72.0,55.0,44.0,11.0,15.0,12.0,27.0,27.0,26.0,11.0,12.0,10.0,11.0,9.0,7.0,2.0,4.0,-10.0,1019.0,1018.0,1017.0,1014.0,1012.0,1012.0,0.0,0.0,0.0
2018-01-21,16,25,8,17.0,19.0,20.0,3.0,6.0,6.0,1016.33,1016.6,1015.9,88.0,72.0,55.0,9.0,11.0,15.0,24.0,27.0,27.0,10.0,11.0,12.0,10.0,11.0,9.0,-9.0,2.0,4.0,1019.0,1019.0,1018.0,1013.0,1014.0,1012.0,0.0,0.0,0.0
2018-01-22,18,25,10,16.0,17.0,19.0,2.0,3.0,6.0,1014.96,1016.33,1016.6,58.0,88.0,72.0,12.0,9.0,11.0,25.0,24.0,27.0,8.0,10.0,11.0,6.0,10.0,11.0,-2.0,-9.0,2.0,1018.0,1019.0,1019.0,1012.0,1013.0,1014.0,0.0,0.0,0.0
2018-01-23,18,24,12,18.0,16.0,17.0,6.0,2.0,3.0,1012.95,1014.96,1016.33,58.0,58.0,88.0,21.0,12.0,9.0,25.0,25.0,24.0,10.0,8.0,10.0,10.0,6.0,10.0,4.0,-2.0,-9.0,1016.0,1018.0,1019.0,1009.0,1012.0,1013.0,0.0,0.0,0.0
2018-01-24,16,21,10,18.0,18.0,16.0,6.0,6.0,2.0,1010.57,1012.95,1014.96,72.0,58.0,58.0,11.0,21.0,12.0,24.0,25.0,25.0,12.0,10.0,8.0,11.0,10.0,6.0,-2.0,4.0,-2.0,1013.0,1016.0,1018.0,1008.0,1009.0,1012.0,2.0,0.0,0.0
2018-01-25,15,23,7,16.0,18.0,18.0,7.0,6.0,6.0,1013.95,1010.57,1012.95,100.0,72.0,58.0,26.0,11.0,21.0,21.0,24.0,25.0,10.0,12.0,10.0,11.0,11.0,10.0,3.0,-2.0,4.0,1016.0,1013.0,1016.0,1010.0,1008.0,1009.0,0.0,2.0,0.0
2018-01-26,16,25,8,15.0,16.0,18.0,6.0,7.0,6.0,1013.74,1013.95,1010.57,100.0,100.0,72.0,13.0,26.0,11.0,23.0,21.0,24.0,7.0,10.0,12.0,11.0,11.0,11.0,-3.0,3.0,-2.0,1016.0,1016.0,1013.0,1011.0,1010.0,1008.0,0.0,0.0,2.0
2018-01-27,17,25,9,16.0,15.0,16.0,2.0,6.0,7.0,1013.95,1013.74,1013.95,82.0,100.0,100.0,8.0,13.0,26.0,25.0,23.0,21.0,8.0,7.0,10.0,7.0,11.0,11.0,-5.0,-3.0,3.0,1016.0,1016.0,1016.0,1011.0,1011.0,1010.0,0.0,0.0,0.0
2018-01-28,18,26,9,17.0,16.0,15.0,5.0,2.0,6.0,1014.11,1013.95,1013.74,88.0,82.0,100.0,8.0,8.0,13.0,25.0,25.0,23.0,9.0,8.0,7.0,11.0,7.0,11.0,-3.0,-5.0,-3.0,1016.0,1016.0,1016.0,1011.0,1011.0,1011.0,0.0,0.0,0.0
2018-01-29,18,27,10,18.0,17.0,16.0,5.0,5.0,2.0,1014.88,1014.11,1013.95,82.0,88.0,82.0,14.0,8.0,8.0,26.0,25.0,25.0,9.0,9.0,8.0,9.0,11.0,7.0,-1.0,-3.0,-5.0,1018.0,1016.0,1016.0,1012.0,1011.0,1011.0,0.0,0.0,0.0
2018-01-30,20,29,11,18.0,18.0,17.0,4.0,5.0,5.0,1016.74,1014.88,1014.11,67.0,82.0,88.0,12.0,14.0,8.0,27.0,26.0,25.0,10.0,9.0,9.0,9.0,9.0,11.0,-1.0,-1.0,-3.0,1020.0,1018.0,1016.0,1014.0,1012.0,1011.0,0.0,0.0,0.0
2018-01-31,22,28,16,20.0,18.0,18.0,3.0,4.0,5.0,1017.14,1016.74,1014.88,68.0,67.0,82.0,9.0,12.0,14.0,29.0,27.0,26.0,11.0,10.0,9.0,9.0,9.0,9.0,-3.0,-1.0,-1.0,1020.0,1020.0,1018.0,1013.0,1014.0,1012.0,0.0,0.0,0.0
2018-02-01,20,29,12,22.0,20.0,18.0,3.0,3.0,4.0,1016.22,1017.14,1016.74,45.0,68.0,67.0,9.0,9.0,12.0,28.0,29.0,27.0,16.0,11.0,10.0,5.0,9.0,9.0,-1.0,-3.0,-1.0,1019.0,1020.0,1020.0,1013.0,1013.0,1014.0,0.0,0.0,0.0
2018-02-02,20,28,13,20.0,22.0,20.0,3.0,3.0,3.0,1015.6,1016.22,1017.14,59.0,45.0,68.0,9.0,9.0,9.0,29.0,28.0,29.0,12.0,16.0,11.0,8.0,5.0,9.0,-1.0,-1.0,-3.0,1019.0,1019.0,1020.0,1012.0,1013.0,1013.0,0.0,0.0,0.0
2018-02-03,20,26,15,20.0,20.0,22.0,5.0,3.0,3.0,1013.25,1015.6,1016.22,55.0,59.0,45.0,11.0,9.0,9.0,28.0,29.0,28.0,13.0,12.0,16.0,9.0,8.0,5.0,1.0,-1.0,-1.0,1015.0,1019.0,1019.0,1010.0,1012.0,1013.0,0.0,0.0,0.0
2018-02-04,18,25,11,20.0,20.0,20.0,2.0,5.0,3.0,1015.7,1013.25,1015.6,63.0,55.0,59.0,10.0,11.0,9.0,26.0,28.0,29.0,15.0,13.0,12.0,10.0,9.0,8.0,-3.0,1.0,-1.0,1018.0,1015.0,1019.0,1013.0,1010.0,1012.0,0.0,0.0,0.0
2018-02-05,17,24,10,18.0,20.0,20.0,-1.0,2.0,5.0,1016.81,1015.7,1013.25,51.0,63.0,55.0,7.0,10.0,11.0,25.0,26.0,28.0,11.0,15.0,13.0,3.0,10.0,9.0,-8.0,-3.0,1.0,1020.0,1018.0,1015.0,1014.0,1013.0,1010.0,0.0,0.0,0.0
2018-02-06,18,23,14,17.0,18.0,20.0,0.0,-1.0,2.0,1018.47,1016.81,1015.7,47.0,51.0,63.0,11.0,7.0,10.0,24.0,25.0,26.0,10.0,11.0,15.0,2.0,3.0,10.0,-3.0,-8.0,-3.0,1021.0,1020.0,1018.0,1016.0,1014.0,1013.0,0.0,0.0,0.0
2018-02-07,18,25,11,18.0,17.0,18.0,-2.0,0.0,-1.0,1018.53,1018.47,1016.81,39.0,47.0,51.0,9.0,11.0,7.0,23.0,24.0,25.0,14.0,10.0,11.0,3.0,2.0,3.0,-7.0,-3.0,-8.0,1021.0,1021.0,1020.0,1016.0,1016.0,1014.0,0.0,0.0,0.0
2018-02-08,18,25,10,18.0,18.0,17.0,-3.0,-2.0,0.0,1015.73,1018.53,1018.47,49.0,39.0,47.0,7.0,9.0,11.0,25.0,23.0,24.0,11.0,14.0,10.0,5.0,3.0,2.0,-10.0,-7.0,-3.0,1018.0,1021.0,1021.0,1012.0,1016.0,1016.0,0.0,0.0,0.0
2018-02-09,18,26,10,18.0,18.0,18.0,-1.0,-3.0,-2.0,1014.17,1015.73,1018.53,44.0,49.0,39.0,10.0,7.0,9.0,25.0,25.0,23.0,10.0,11.0,14.0,3.0,5.0,3.0,-2.0,-10.0,-7.0,1017.0,1018.0,1021.0,1011.0,1012.0,1016.0,0.0,0.0,0.0
2018-02-10,18,26,11,18.0,18.0,18.0,-1.0,-1.0,-3.0,1014.36,1014.17,1015.73,50.0,44.0,49.0,9.0,10.0,7.0,26.0,25.0,25.0,10.0,10.0,11.0,3.0,3.0,5.0,-7.0,-2.0,-10.0,1017.0,1017.0,1018.0,1010.0,1011.0,1012.0,0.0,0.0,0.0
2018-02-11,19,23,15,18.0,18.0,18.0,1.0,-1.0,-1.0,1015.86,1014.36,1014.17,41.0,50.0,44.0,11.0,9.0,10.0,26.0,26.0,25.0,11.0,10.0,10.0,5.0,3.0,3.0,-2.0,-7.0,-2.0,1019.0,1017.0,1017.0,1013.0,1010.0,1011.0,0.0,0.0,0.0
2018-02-12,18,25,12,19.0,18.0,18.0,5.0,1.0,-1.0,1014.7,1015.86,1014.36,55.0,41.0,50.0,18.0,11.0,9.0,23.0,26.0,26.0,15.0,11.0,10.0,8.0,5.0,3.0,2.0,-2.0,-7.0,1017.0,1019.0,1017.0,1012.0,1013.0,1010.0,0.0,0.0,0.0
2018-02-13,19,25,13,18.0,19.0,18.0,7.0,5.0,1.0,1016.98,1014.7,1015.86,94.0,55.0,41.0,12.0,18.0,11.0,25.0,23.0,26.0,12.0,15.0,11.0,15.0,8.0,5.0,0.0,2.0,-2.0,1021.0,1017.0,1019.0,1014.0,1012.0,1013.0,0.0,0.0,0.0
2018-02-14,18,24,11,19.0,18.0,19.0,8.0,7.0,5.0,1022.53,1016.98,1014.7,100.0,94.0,55.0,12.0,12.0,18.0,25.0,25.0,23.0,13.0,12.0,15.0,14.0,15.0,8.0,-1.0,0.0,2.0,1025.0,1021.0,1017.0,1020.0,1014.0,1012.0,0.0,0.0,0.0
2018-02-15,18,26,11,18.0,19.0,18.0,3.0,8.0,7.0,1023.43,1022.53,1016.98,54.0,100.0,94.0,16.0,12.0,12.0,24.0,25.0,25.0,11.0,13.0,12.0,6.0,14.0,15.0,-4.0,-1.0,0.0,1026.0,1025.0,1021.0,1020.0,1020.0,1014.0,0.0,0.0,0.0
2018-02-16,22,27,16,18.0,18.0,19.0,5.0,3.0,8.0,1021.68,1023.43,1022.53,67.0,54.0,100.0,16.0,16.0,12.0,26.0,24.0,25.0,11.0,11.0,13.0,8.0,6.0,14.0,4.0,-4.0,-1.0,1024.0,1026.0,1025.0,1018.0,1020.0,1020.0,0.0,0.0,0.0
2018-02-17,22,29,16,22.0,18.0,18.0,6.0,5.0,3.0,1019.24,1021.68,1023.43,63.0,67.0,54.0,13.0,16.0,16.0,27.0,26.0,24.0,16.0,11.0,11.0,10.0,8.0,6.0,2.0,4.0,-4.0,1023.0,1024.0,1026.0,1015.0,1018.0,1020.0,0.0,0.0,0.0
2018-02-18,21,29,13,22.0,22.0,18.0,5.0,6.0,5.0,1014.3,1019.24,1021.68,55.0,63.0,67.0,8.0,13.0,16.0,29.0,27.0,26.0,16.0,16.0,11.0,10.0,10.0,8.0,-1.0,2.0,4.0,1017.0,1023.0,1024.0,1010.0,1015.0,1018.0,0.0,0.0,0.0
2018-02-19,22,29,14,21.0,22.0,22.0,4.0,5.0,6.0,1013.0,1014.3,1019.24,67.0,55.0,63.0,7.0,8.0,13.0,29.0,29.0,27.0,13.0,16.0,16.0,9.0,10.0,10.0,-3.0,-1.0,2.0,1015.0,1017.0,1023.0,1010.0,1010.0,1015.0,0.0,0.0,0.0
2018-02-20,23,31,15,22.0,21.0,22.0,5.0,4.0,5.0,1014.55,1013.0,1014.3,55.0,67.0,55.0,11.0,7.0,8.0,29.0,29.0,29.0,14.0,13.0,16.0,8.0,9.0,10.0,2.0,-3.0,-1.0,1017.0,1015.0,1017.0,1012.0,1010.0,1010.0,0.0,0.0,0.0
2018-02-21,24,33,15,23.0,22.0,21.0,4.0,5.0,4.0,1014.24,1014.55,1013.0,48.0,55.0,67.0,10.0,11.0,7.0,31.0,29.0,29.0,15.0,14.0,13.0,10.0,8.0,9.0,0.0,2.0,-3.0,1017.0,1017.0,1015.0,1011.0,1012.0,1010.0,0.0,0.0,0.0
2018-02-22,25,33,17,24.0,23.0,22.0,7.0,4.0,5.0,1012.06,1014.24,1014.55,56.0,48.0,55.0,12.0,10.0,11.0,33.0,31.0,29.0,15.0,15.0,14.0,14.0,10.0,8.0,3.0,0.0,2.0,1015.0,1017.0,1017.0,1008.0,1011.0,1012.0,0.0,0.0,0.0
2018-02-23,25,33,17,25.0,24.0,23.0,7.0,7.0,4.0,1010.97,1012.06,1014.24,52.0,56.0,48.0,9.0,12.0,10.0,33.0,33.0,31.0,17.0,15.0,15.0,12.0,14.0,10.0,3.0,3.0,0.0,1014.0,1015.0,1017.0,1007.0,1008.0,1011.0,0.0,0.0,0.0
2018-02-24,26,33,18,25.0,25.0,24.0,6.0,7.0,7.0,1010.82,1010.97,1012.06,59.0,52.0,56.0,7.0,9.0,12.0,33.0,33.0,33.0,17.0,17.0,15.0,12.0,12.0,14.0,0.0,3.0,3.0,1013.0,1014.0,1015.0,1007.0,1007.0,1008.0,0.0,0.0,0.0
2018-02-25,25,30,20,26.0,25.0,25.0,7.0,6.0,7.0,1013.0,1010.82,1010.97,52.0,59.0,52.0,15.0,7.0,9.0,33.0,33.0,33.0,18.0,17.0,17.0,11.0,12.0,12.0,3.0,0.0,3.0,1015.0,1013.0,1014.0,1009.0,1007.0,1007.0,0.0,0.0,0.0
2018-02-26,22,31,14,25.0,26.0,25.0,6.0,7.0,6.0,1016.37,1013.0,1010.82,46.0,52.0,59.0,9.0,15.0,7.0,30.0,33.0,33.0,20.0,18.0,17.0,13.0,11.0,12.0,-1.0,3.0,0.0,1020.0,1015.0,1013.0,1013.0,1009.0,1007.0,0.0,0.0,0.0
2018-02-27,24,32,16,22.0,25.0,26.0,7.0,6.0,7.0,1015.75,1016.37,1013.0,63.0,46.0,52.0,10.0,9.0,15.0,31.0,30.0,33.0,14.0,20.0,18.0,13.0,13.0,11.0,3.0,-1.0,3.0,1018.0,1020.0,1015.0,1011.0,1013.0,1009.0,0.0,0.0,0.0
2018-02-28,25,32,18,24.0,22.0,25.0,8.0,7.0,6.0,1014.42,1015.75,1016.37,52.0,63.0,46.0,13.0,10.0,9.0,32.0,31.0,30.0,16.0,14.0,20.0,13.0,13.0,13.0,6.0,3.0,-1.0,1017.0,1018.0,1020.0,1010.0,1011.0,1013.0,0.0,0.0,0.0
2018-03-01,27,34,20,25.0,24.0,22.0,10.0,8.0,7.0,1014.07,1014.42,1015.75,64.0,52.0,63.0,20.0,13.0,10.0,32.0,32.0,31.0,18.0,16.0,14.0,14.0,13.0,13.0,7.0,6.0,3.0,1017.0,1017.0,1018.0,1010.0,1010.0,1011.0,0.0,0.0,0.0
2018-03-02,26,33,20,27.0,25.0,24.0,10.0,10.0,8.0,1012.18,1014.07,1014.42,57.0,64.0,52.0,12.0,20.0,13.0,34.0,32.0,32.0,20.0,18.0,16.0,16.0,14.0,13.0,5.0,7.0,6.0,1015.0,1017.0,1017.0,1008.0,1010.0,1010.0,0.0,0.0,0.0
2018-03-03,26,34,19,26.0,27.0,25.0,6.0,10.0,10.0,1011.18,1012.18,1014.07,53.0,57.0,64.0,11.0,12.0,20.0,33.0,34.0,32.0,20.0,20.0,18.0,12.0,16.0,14.0,3.0,5.0,7.0,1014.0,1015.0,1017.0,1007.0,1008.0,1010.0,0.0,0.0,0.0
2018-03-04,25,32,18,26.0,26.0,27.0,4.0,6.0,10.0,1009.23,1011.18,1012.18,49.0,53.0,57.0,5.0,11.0,12.0,34.0,33.0,34.0,19.0,20.0,20.0,9.0,12.0,16.0,-3.0,3.0,5.0,1017.0,1014.0,1015.0,1005.0,1007.0,1008.0,0.0,0.0,0.0
2018-03-05,23,30,16,25.0,26.0,26.0,8.0,4.0,6.0,1010.19,1009.23,1011.18,49.0,49.0,53.0,16.0,5.0,11.0,32.0,34.0,33.0,18.0,19.0,20.0,11.0,9.0,12.0,2.0,-3.0,3.0,1018.0,1017.0,1014.0,1007.0,1005.0,1007.0,0.0,0.0,0.0
2018-03-06,22,29,15,23.0,25.0,26.0,7.0,8.0,4.0,1013.96,1010.19,1009.23,100.0,49.0,49.0,11.0,16.0,5.0,30.0,32.0,34.0,16.0,18.0,19.0,13.0,11.0,9.0,0.0,2.0,-3.0,1017.0,1018.0,1017.0,1011.0,1007.0,1005.0,0.0,0.0,0.0
2018-03-07,24,32,15,22.0,23.0,25.0,4.0,7.0,8.0,1015.39,1013.96,1010.19,48.0,100.0,49.0,6.0,11.0,16.0,29.0,30.0,32.0,15.0,16.0,18.0,9.0,13.0,11.0,-3.0,0.0,2.0,1018.0,1017.0,1018.0,1012.0,1011.0,1007.0,0.0,0.0,0.0
2018-03-08,24,32,15,24.0,22.0,23.0,2.0,4.0,7.0,1014.07,1015.39,1013.96,55.0,48.0,100.0,5.0,6.0,11.0,32.0,29.0,30.0,15.0,15.0,16.0,8.0,9.0,13.0,-6.0,-3.0,0.0,1017.0,1018.0,1017.0,1011.0,1012.0,1011.0,0.0,0.0,0.0
2018-03-09,26,33,19,24.0,24.0,22.0,1.0,2.0,4.0,1014.41,1014.07,1015.39,42.0,55.0,48.0,7.0,5.0,6.0,32.0,32.0,29.0,15.0,15.0,15.0,5.0,8.0,9.0,-5.0,-6.0,-3.0,1017.0,1017.0,1018.0,1011.0,1011.0,1012.0,0.0,0.0,0.0
2018-03-10,26,34,19,26.0,24.0,24.0,3.0,1.0,2.0,1014.16,1014.41,1014.07,37.0,42.0,55.0,8.0,7.0,5.0,33.0,32.0,32.0,19.0,15.0,15.0,6.0,5.0,8.0,-1.0,-5.0,-6.0,1017.0,1017.0,1017.0,1009.0,1011.0,1011.0,0.0,0.0,0.0
2018-03-11,26,34,18,26.0,26.0,24.0,4.0,3.0,1.0,1013.76,1014.16,1014.41,38.0,37.0,42.0,6.0,8.0,7.0,34.0,33.0,32.0,19.0,19.0,15.0,8.0,6.0,5.0,0.0,-1.0,-5.0,1017.0,1017.0,1017.0,1009.0,1009.0,1011.0,0.0,0.0,0.0
